[{"id":"a597ea5d.e1a858","type":"ui_switch","z":"d8cb3879.806298","name":"","label":"MyDevice","tooltip":"","group":"cebcd257.c7ba5","order":1,"width":0,"height":0,"passthru":true,"decouple":"false","topic":"","style":"","onvalue":"true","onvalueType":"bool","onicon":"","oncolor":"","offvalue":"false","offvalueType":"bool","officon":"","offcolor":"","x":360,"y":280,"wires":[[]]},{"id":"119486f6.6d81f9","type":"comment","z":"d8cb3879.806298","name":"### This scenario is only active until node-red restarts ###","info":"","x":270,"y":200,"wires":[]},{"id":"9d6b6653.333688","type":"ui_time_scheduler","z":"d8cb3879.806298","group":"cebcd257.c7ba5","name":"","startDay":"0","refresh":60,"devices":["Device 1"],"onlySendChange":false,"customPayload":false,"eventMode":false,"eventOptions":[],"sendTopic":false,"lat":"","lon":"","outputs":2,"order":1,"width":0,"height":0,"x":140,"y":260,"wires":[[],["a597ea5d.e1a858"]]},{"id":"cebcd257.c7ba5","type":"ui_group","name":"TempDemo","tab":"2936b813.6cde68","order":4,"disp":true,"width":"6","collapse":false},{"id":"2936b813.6cde68","type":"ui_tab","name":"Scheduler Demo","icon":"dashboard","order":1,"disabled":false,"hidden":false}]